INSERT INTO Categorias (Nombre) VALUES
	('Perros'),
	('Gatos'),
	('Conejos'),
	('Peces'),
	('Aves'),
	('Roedores')
;

INSERT INTO Subcategorias (Nombre) VALUES
	('Alimentos'),
	('Accesorios'),
	('Estética e Higiene'),
	('Salud')
;

INSERT INTO CategoriasSubcategorias (CategoriaNombre, SubcategoriaNombre) VALUES
	('Perros', 'Alimentos'), ('Perros', 'Accesorios'), ('Perros', 'Estética e Higiene'), ('Perros', 'Salud'),
	('Gatos', 'Alimentos'), ('Gatos', 'Accesorios'), ('Gatos', 'Estética e Higiene'), ('Gatos', 'Salud'),
	('Conejos', 'Alimentos'), ('Conejos', 'Accesorios'), ('Conejos', 'Estética e Higiene'), ('Conejos', 'Salud'),
	('Peces', 'Alimentos'), ('Peces', 'Accesorios'), ('Peces', 'Estética e Higiene'), ('Peces', 'Salud'),
	('Aves', 'Alimentos'), ('Aves', 'Accesorios'), ('Aves', 'Estética e Higiene'), ('Aves', 'Salud'),
	('Roedores', 'Alimentos'), ('Roedores', 'Accesorios'), ('Roedores', 'Estética e Higiene'), ('Roedores', 'Salud')
;

INSERT INTO Proveedores (Nombre, Contacto, Telefono, Email) VALUES
	('PetWorld', 'Laura Fernández', '1144321122', 'laura@petworld.com'),
	('Mascotas Felices', 'Pedro García', '1156782345', 'pedro@mascotasfelices.com'),
	('Animalia', 'Sofía López', '1167823456', 'sofia@animalia.com'),
	('ZooPlus', 'Juan Romero', '1178432921', 'juan@zooplus.com'),
	('Happy Pets', 'Ana Torres', '1189043567', 'ana@happypets.com'),
	('Pet Kingdom', 'Carlos Mendoza', '1195632341', 'carlos@petkingdom')
;

INSERT INTO Productos (ProveedorID, CategoriaSubcategoriaID, Nombre, Marca, Stock, Perece, Fecha_Vencimiento) VALUES
(4, 7, 'Vitamina para Conejos', 'BirdFeast', 25, 1, '2025-12-10'),
(2, 10, 'Comida para Conejos', 'FishFeast', 27, 1, '2026-10-03'),
(6, 24, 'Decoración para Gatos', 'BunnyClean', 65, 0, NULL),
(2, 11, 'Suplemento para Conejos', 'DogLife', 69, 1, '2025-10-19'),
(5, 12, 'Alimento Premium para Gatos', 'DogLife', 93, 0, NULL),
(5, 3, 'Suplemento para Gatos', 'BirdFeast', 96, 1, '2026-05-03'),
(3, 4, 'Antiparasitario para Aves', 'BirdFeast', 100, 0, NULL),
(3, 8, 'Shampoo para Perros', 'BirdFeast', 59, 0, NULL),
(4, 18, 'Juguete para Perros', 'CatCrunch', 96, 1, '2025-09-03'),
(6, 24, 'Antiparasitario para Peces', 'RodentFeast', 93, 0, NULL),
(2, 21, 'Comida para Aves', 'BunnyClean', 13, 0, NULL),
(5, 9, 'Jaula para Conejos', 'BunnyClean', 22, 0, NULL),
(3, 22, 'Jaula para Roedores', 'RodentFeast', 30, 1, '2026-10-12'),
(6, 11, 'Comida para Roedores', 'BunnyClean', 78, 1, '2026-10-25'),
(3, 2, 'Collar para Gatos', 'FishFeast', 10, 0, NULL),
(4, 3, 'Spray para Gatos', 'DogLife', 34, 0, NULL),
(4, 4, 'Juguete para Peces', 'CatCrunch', 76, 0, NULL),
(6, 9, 'Jaula para Aves', 'BunnyClean', 64, 0, NULL),
(5, 15, 'Suplemento para Conejos', 'BirdFeast', 62, 1, '2026-07-02'),
(1, 4, 'Suplemento para Aves', 'DogLife', 62, 0, NULL),
(2, 14, 'Antiparasitario para Perros', 'BunnyClean', 35, 1, '2025-03-09'),
(5, 18, 'Vitamina para Roedores', 'FishFeast', 93, 0, NULL),
(3, 21, 'Comida para Gatos', 'RodentFeast', 51, 1, '2025-03-05'),
(6, 13, 'Rascador para Conejos', 'FishFeast', 61, 0, NULL),
(6, 6, 'Spray para Aves', 'FishFeast', 14, 0, NULL),
(3, 11, 'Decoración para Gatos', 'CatCrunch', 69, 0, NULL),
(4, 9, 'Alimento Premium para Perros', 'BirdFeast', 32, 0, NULL),
(4, 8, 'Jaula para Aves', 'FishFeast', 48, 0, NULL),
(2, 19, 'Spray para Gatos', 'CatCrunch', 66, 0, NULL),
(1, 16, 'Juguete para Conejos', 'BunnyClean', 84, 1, '2026-02-09'),
(5, 12, 'Decoración para Aves', 'CatCrunch', 10, 1, '2025-03-09'),
(2, 23, 'Antiparasitario para Perros', 'RodentFeast', 72, 1, '2025-07-09'),
(4, 11, 'Spray para Peces', 'BirdFeast', 46, 1, '2025-07-14'),
(3, 17, 'Alimento Premium para Roedores', 'DogLife', 16, 0, NULL),
(3, 6, 'Vitamina para Aves', 'BunnyClean', 17, 1, '2026-09-16'),
(1, 11, 'Alimento Premium para Perros', 'DogLife', 53, 0, NULL),
(2, 2, 'Rascador para Roedores', 'BunnyClean', 99, 0, NULL),
(6, 20, 'Vitamina para Gatos', 'BirdFeast', 26, 1, '2025-10-31'),
(4, 23, 'Vitamina para Aves', 'FishFeast', 32, 1, '2026-10-23'),
(3, 12, 'Jaula para Perros', 'RodentFeast', 52, 0, NULL),
(3, 20, 'Spray para Peces', 'BirdFeast', 60, 0, NULL),
(6, 5, 'Alimento Premium para Aves', 'FishFeast', 43, 1, '2026-07-26'),
(2, 15, 'Rascador para Conejos', 'CatCrunch', 46, 1, '2026-07-15'),
(4, 1, 'Spray para Perros', 'RodentFeast', 38, 0, NULL),
(2, 2, 'Rascador para Perros', 'BunnyClean', 52, 0, NULL),
(5, 9, 'Decoración para Peces', 'BirdFeast', 67, 1, '2026-10-14'),
(4, 3, 'Antiparasitario para Gatos', 'DogLife', 14, 1, '2026-10-05'),
(2, 12, 'Rascador para Gatos', 'RodentFeast', 54, 1, '2026-07-25'),
(2, 2, 'Juguete para Perros', 'FishFeast', 39, 0, NULL),
(6, 2, 'Shampoo para Gatos', 'RodentFeast', 38, 0, NULL),
(2, 18, 'Alimento Premium para Aves', 'BunnyClean', 68, 0, NULL),
(3, 3, 'Rascador para Perros', 'DogLife', 94, 0, NULL),
(6, 22, 'Decoración para Gatos', 'FishFeast', 17, 0, NULL),
(4, 1, 'Jaula para Peces', 'BunnyClean', 72, 0, NULL),
(6, 2, 'Suplemento para Roedores', 'RodentFeast', 51, 1, '2026-01-09'),
(2, 7, 'Spray para Peces', 'RodentFeast', 19, 0, NULL),
(6, 13, 'Collar para Perros', 'RodentFeast', 50, 0, NULL),
(2, 24, 'Shampoo para Conejos', 'DogLife', 13, 1, '2025-04-18'),
(5, 7, 'Spray para Conejos', 'DogLife', 48, 0, NULL),
(3, 12, 'Alimento Premium para Conejos', 'BirdFeast', 71, 1, '2025-04-24'),
(3, 7, 'Comida para Aves', 'CatCrunch', 64, 0, NULL),
(4, 6, 'Suplemento para Roedores', 'FishFeast', 70, 0, NULL),
(3, 24, 'Shampoo para Peces', 'DogLife', 48, 1, '2025-10-15'),
(1, 12, 'Suplemento para Aves', 'DogLife', 86, 1, '2025-12-12'),
(4, 14, 'Decoración para Roedores', 'FishFeast', 75, 1, '2026-07-16'),
(6, 6, 'Juguete para Aves', 'CatCrunch', 86, 0, NULL),
(2, 2, 'Antiparasitario para Perros', 'BunnyClean', 38, 1, '2025-03-11'),
(6, 20, 'Alimento Premium para Perros', 'RodentFeast', 93, 1, '2025-08-04'),
(2, 23, 'Spray para Perros', 'CatCrunch', 57, 0, NULL),
(6, 24, 'Alimento Premium para Aves', 'CatCrunch', 62, 1, '2025-08-03'),
(2, 11, 'Suplemento para Peces', 'BunnyClean', 31, 1, '2026-01-11'),
(6, 12, 'Antiparasitario para Aves', 'BirdFeast', 84, 1, '2026-05-30'),
(2, 12, 'Decoración para Roedores', 'CatCrunch', 34, 1, '2025-05-20'),
(2, 8, 'Comida para Aves', 'BunnyClean', 38, 0, NULL),
(4, 14, 'Comida para Gatos', 'BunnyClean', 11, 1, '2025-05-22'),
(4, 4, 'Shampoo para Perros', 'RodentFeast', 95, 1, '2025-01-01'),
(3, 19, 'Decoración para Conejos', 'BirdFeast', 31, 0, NULL),
(5, 21, 'Jaula para Peces', 'DogLife', 64, 0, NULL),
(4, 13, 'Rascador para Roedores', 'RodentFeast', 69, 0, NULL),
(5, 15, 'Juguete para Perros', 'BirdFeast', 82, 1, '2025-07-05'),
(1, 10, 'Comida para Perros', 'BunnyClean', 66, 1, '2026-02-16'),
(3, 8, 'Juguete para Perros', 'CatCrunch', 40, 0, NULL),
(1, 17, 'Antiparasitario para Peces', 'BunnyClean', 55, 0, NULL),
(3, 18, 'Collar para Roedores', 'DogLife', 16, 1, '2026-06-13'),
(1, 11, 'Decoración para Peces', 'RodentFeast', 13, 0, NULL),
(2, 15, 'Collar para Roedores', 'BunnyClean', 42, 1, '2025-06-09'),
(3, 23, 'Rascador para Roedores', 'DogLife', 59, 0, NULL),
(6, 8, 'Comida para Gatos', 'FishFeast', 75, 0, NULL),
(5, 20, 'Jaula para Roedores', 'BirdFeast', 89, 0, NULL),
(4, 6, 'Vitamina para Gatos', 'CatCrunch', 38, 1, '2025-01-11'),
(3, 23, 'Vitamina para Peces', 'BunnyClean', 35, 1, '2025-10-07'),
(3, 9, 'Spray para Aves', 'BunnyClean', 100, 1, '2025-05-05'),
(3, 23, 'Rascador para Gatos', 'BirdFeast', 59, 1, '2026-02-16'),
(6, 23, 'Spray para Aves', 'CatCrunch', 11, 0, NULL),
(4, 8, 'Rascador para Aves', 'BirdFeast', 61, 0, NULL),
(1, 6, 'Juguete para Gatos', 'FishFeast', 67, 1, '2025-01-26'),
(1, 19, 'Spray para Aves', 'FishFeast', 75, 1, '2025-03-20'),
(2, 11, 'Rascador para Aves', 'BunnyClean', 38, 1, '2026-06-12'),
(5, 4, 'Antiparasitario para Aves', 'BirdFeast', 63, 0, NULL),
(5, 22, 'Juguete para Perros', 'CatCrunch', 35, 1, '2026-11-08'),
(3, 17, 'Decoración para Peces', 'CatCrunch', 10, 0, NULL),
(3, 24, 'Shampoo para Conejos', 'DogLife', 32, 1, '2026-03-18'),
(1, 19, 'Jaula para Gatos', 'DogLife', 67, 1, '2026-06-11'),
(4, 8, 'Shampoo para Roedores', 'FishFeast', 67, 1, '2025-05-04'),
(2, 13, 'Spray para Peces', 'BirdFeast', 40, 0, NULL),
(5, 13, 'Decoración para Gatos', 'FishFeast', 77, 1, '2025-09-10'),
(3, 14, 'Alimento Premium para Peces', 'DogLife', 84, 1, '2026-05-21'),
(2, 17, 'Suplemento para Roedores', 'BirdFeast', 52, 0, NULL),
(6, 24, 'Spray para Perros', 'RodentFeast', 63, 0, NULL),
(6, 4, 'Juguete para Roedores', 'CatCrunch', 57, 1, '2026-01-29'),
(6, 9, 'Juguete para Roedores', 'CatCrunch', 100, 0, NULL),
(3, 16, 'Vitamina para Conejos', 'FishFeast', 14, 1, '2026-05-12'),
(5, 14, 'Spray para Conejos', 'DogLife', 87, 1, '2025-12-20'),
(2, 5, 'Vitamina para Roedores', 'BirdFeast', 45, 1, '2025-06-07'),
(3, 24, 'Suplemento para Roedores', 'FishFeast', 57, 0, NULL),
(3, 3, 'Decoración para Peces', 'DogLife', 13, 0, NULL),
(3, 16, 'Alimento Premium para Conejos', 'CatCrunch', 55, 0, NULL),
(2, 20, 'Vitamina para Conejos', 'BunnyClean', 44, 0, NULL),
(1, 2, 'Rascador para Gatos', 'DogLife', 23, 0, NULL),
(1, 22, 'Shampoo para Gatos', 'RodentFeast', 82, 0, NULL),
(2, 18, 'Spray para Peces', 'FishFeast', 98, 1, '2025-09-13'),
(6, 6, 'Suplemento para Roedores', 'BunnyClean', 43, 0, NULL),
(2, 18, 'Juguete para Peces', 'BunnyClean', 90, 1, '2025-06-17'),
(1, 23, 'Decoración para Roedores', 'CatCrunch', 18, 1, '2026-09-17'),
(6, 13, 'Antiparasitario para Gatos', 'DogLife', 15, 0, NULL),
(1, 8, 'Antiparasitario para Perros', 'FishFeast', 89, 0, NULL),
(3, 15, 'Antiparasitario para Roedores', 'RodentFeast', 14, 1, '2025-06-12'),
(5, 22, 'Comida para Aves', 'BunnyClean', 17, 0, NULL),
(5, 8, 'Spray para Peces', 'BunnyClean', 21, 1, '2026-01-06'),
(6, 18, 'Suplemento para Gatos', 'FishFeast', 83, 0, NULL),
(5, 13, 'Comida para Gatos', 'DogLife', 98, 0, NULL),
(3, 7, 'Collar para Gatos', 'DogLife', 60, 0, NULL),
(2, 12, 'Vitamina para Aves', 'CatCrunch', 67, 1, '2026-08-05'),
(4, 14, 'Alimento Premium para Conejos', 'BunnyClean', 46, 0, NULL),
(1, 14, 'Shampoo para Gatos', 'DogLife', 15, 0, NULL),
(2, 3, 'Decoración para Gatos', 'BirdFeast', 29, 1, '2026-04-15'),
(1, 23, 'Alimento Premium para Perros', 'BunnyClean', 79, 1, '2025-02-05'),
(4, 14, 'Comida para Conejos', 'DogLife', 22, 0, NULL),
(2, 7, 'Collar para Peces', 'CatCrunch', 75, 0, NULL),
(1, 13, 'Juguete para Gatos', 'BunnyClean', 64, 1, '2025-09-27'),
(2, 20, 'Decoración para Perros', 'RodentFeast', 74, 1, '2025-01-17'),
(1, 23, 'Collar para Gatos', 'DogLife', 84, 0, NULL),
(3, 23, 'Alimento Premium para Gatos', 'RodentFeast', 98, 1, '2026-08-13'),
(4, 24, 'Comida para Roedores', 'DogLife', 11, 1, '2026-01-07'),
(3, 16, 'Collar para Peces', 'DogLife', 72, 1, '2025-09-12'),
(2, 22, 'Juguete para Aves', 'DogLife', 86, 0, NULL),
(2, 1, 'Juguete para Gatos', 'BunnyClean', 43, 1, '2026-05-29'),
(5, 12, 'Antiparasitario para Aves', 'CatCrunch', 33, 0, NULL),
(4, 6, 'Vitamina para Roedores', 'RodentFeast', 44, 0, NULL),
(6, 22, 'Jaula para Gatos', 'BunnyClean', 14, 1, '2026-03-13'),
(2, 9, 'Rascador para Gatos', 'FishFeast', 67, 0, NULL),
(4, 13, 'Juguete para Aves', 'BunnyClean', 30, 0, NULL),
(5, 4, 'Vitamina para Gatos', 'BirdFeast', 12, 1, '2025-12-25'),
(4, 23, 'Comida para Conejos', 'BunnyClean', 26, 0, NULL),
(6, 11, 'Jaula para Roedores', 'FishFeast', 97, 0, NULL),
(4, 23, 'Suplemento para Gatos', 'FishFeast', 49, 0, NULL),
(3, 23, 'Juguete para Perros', 'BirdFeast', 50, 0, NULL),
(6, 23, 'Vitamina para Roedores', 'BunnyClean', 64, 0, NULL),
(5, 12, 'Rascador para Aves', 'CatCrunch', 24, 0, NULL),
(6, 4, 'Collar para Aves', 'CatCrunch', 56, 1, '2025-05-06'),
(4, 17, 'Collar para Peces', 'RodentFeast', 62, 0, NULL),
(1, 6, 'Vitamina para Conejos', 'DogLife', 68, 0, NULL),
(4, 9, 'Spray para Aves', 'RodentFeast', 87, 1, '2026-02-07'),
(1, 7, 'Juguete para Roedores', 'FishFeast', 32, 1, '2026-07-09'),
(1, 16, 'Shampoo para Aves', 'RodentFeast', 81, 0, NULL),
(2, 11, 'Antiparasitario para Gatos', 'FishFeast', 51, 0, NULL),
(3, 1, 'Suplemento para Aves', 'RodentFeast', 42, 1, '2025-04-24'),
(5, 10, 'Decoración para Peces', 'FishFeast', 20, 0, NULL),
(6, 1, 'Alimento Premium para Roedores', 'CatCrunch', 10, 1, '2025-12-02'),
(5, 21, 'Spray para Perros', 'DogLife', 30, 0, NULL),
(3, 17, 'Spray para Aves', 'DogLife', 34, 1, '2025-05-25'),
(5, 12, 'Alimento Premium para Roedores', 'BirdFeast', 61, 1, '2025-08-14'),
(2, 16, 'Suplemento para Aves', 'BirdFeast', 69, 0, NULL),
(3, 19, 'Decoración para Gatos', 'BunnyClean', 83, 1, '2025-12-21'),
(4, 23, 'Alimento Premium para Gatos', 'CatCrunch', 57, 1, '2026-11-09'),
(1, 5, 'Vitamina para Roedores', 'FishFeast', 96, 0, NULL),
(3, 22, 'Antiparasitario para Conejos', 'BirdFeast', 85, 1, '2026-06-05'),
(4, 1, 'Jaula para Peces', 'CatCrunch', 43, 0, NULL),
(1, 18, 'Comida para Conejos', 'DogLife', 84, 0, NULL),
(3, 23, 'Decoración para Gatos', 'BirdFeast', 63, 1, '2025-04-11'),
(1, 15, 'Spray para Aves', 'BunnyClean', 11, 1, '2026-03-15'),
(1, 9, 'Alimento Premium para Gatos', 'BirdFeast', 40, 0, NULL),
(4, 6, 'Antiparasitario para Aves', 'BirdFeast', 28, 0, NULL),
(2, 10, 'Alimento Premium para Conejos', 'FishFeast', 79, 1, '2025-03-22'),
(2, 20, 'Decoración para Roedores', 'RodentFeast', 88, 1, '2025-09-28'),
(3, 6, 'Vitamina para Gatos', 'DogLife', 86, 0, NULL),
(5, 24, 'Rascador para Aves', 'FishFeast', 28, 1, '2025-05-12'),
(6, 15, 'Shampoo para Gatos', 'BunnyClean', 96, 0, NULL),
(1, 14, 'Shampoo para Perros', 'FishFeast', 75, 1, '2026-09-04'),
(3, 6, 'Juguete para Roedores', 'DogLife', 26, 0, NULL),
(3, 24, 'Spray para Peces', 'FishFeast', 25, 1, '2026-05-01'),
(3, 4, 'Spray para Gatos', 'FishFeast', 77, 0, NULL),
(4, 22, 'Juguete para Perros', 'BunnyClean', 37, 0, NULL),
(6, 9, 'Antiparasitario para Gatos', 'RodentFeast', 79, 0, NULL),
(4, 24, 'Collar para Peces', 'BunnyClean', 71, 0, NULL),
(4, 16, 'Comida para Roedores', 'FishFeast', 20, 1, '2026-01-31'),
(1, 12, 'Collar para Roedores', 'DogLife', 43, 1, '2025-01-14'),
(1, 19, 'Alimento Premium para Conejos', 'CatCrunch', 90, 0, NULL),
(5, 12, 'Jaula para Aves', 'RodentFeast', 54, 1, '2026-06-22'),
(1, 15, 'Spray para Conejos', 'FishFeast', 73, 1, '2025-08-31'),
(2, 18, 'Juguete para Perros', 'RodentFeast', 90, 0, NULL),
(6, 10, 'Comida para Peces', 'BirdFeast', 36, 0, NULL),
(6, 18, 'Comida para Peces', 'RodentFeast', 75, 0, NULL),
(4, 4, 'Comida para Gatos', 'RodentFeast', 23, 1, '2025-07-02'),
(6, 16, 'Juguete para Roedores', 'BunnyClean', 85, 0, NULL),
(3, 18, 'Comida para Gatos', 'FishFeast', 50, 0, NULL),
(1, 22, 'Spray para Roedores', 'FishFeast', 16, 1, '2026-11-15'),
(3, 1, 'Comida para Conejos', 'BunnyClean', 34, 0, NULL),
(5, 20, 'Jaula para Roedores', 'BunnyClean', 47, 1, '2026-11-14'),
(2, 20, 'Collar para Peces', 'FishFeast', 52, 0, NULL),
(3, 9, 'Spray para Conejos', 'BunnyClean', 73, 0, NULL),
(5, 20, 'Antiparasitario para Peces', 'BunnyClean', 60, 0, NULL),
(4, 14, 'Jaula para Peces', 'BirdFeast', 100, 1, '2026-06-24'),
(5, 6, 'Antiparasitario para Roedores', 'DogLife', 53, 0, NULL),
(3, 16, 'Rascador para Gatos', 'RodentFeast', 10, 0, NULL),
(5, 8, 'Vitamina para Peces', 'FishFeast', 67, 0, NULL),
(5, 7, 'Alimento Premium para Peces', 'DogLife', 32, 0, NULL),
(5, 1, 'Decoración para Perros', 'CatCrunch', 23, 0, NULL),
(1, 4, 'Decoración para Peces', 'DogLife', 24, 1, '2025-03-11'),
(4, 13, 'Collar para Perros', 'DogLife', 69, 1, '2025-12-27'),
(6, 15, 'Antiparasitario para Conejos', 'BirdFeast', 10, 1, '2025-07-01'),
(2, 15, 'Juguete para Peces', 'BirdFeast', 38, 1, '2026-09-29'),
(6, 4, 'Shampoo para Aves', 'RodentFeast', 85, 0, NULL),
(3, 14, 'Collar para Peces', 'FishFeast', 23, 1, '2026-01-25'),
(5, 12, 'Alimento Premium para Roedores', 'DogLife', 45, 0, NULL),
(1, 20, 'Antiparasitario para Gatos', 'BunnyClean', 74, 1, '2026-06-08'),
(3, 24, 'Antiparasitario para Roedores', 'DogLife', 52, 1, '2025-07-17'),
(6, 16, 'Vitamina para Roedores', 'BunnyClean', 10, 0, NULL),
(2, 11, 'Suplemento para Aves', 'FishFeast', 91, 0, NULL),
(2, 17, 'Comida para Perros', 'BirdFeast', 95, 1, '2025-07-07'),
(4, 4, 'Spray para Conejos', 'BirdFeast', 31, 0, NULL),
(2, 14, 'Spray para Conejos', 'FishFeast', 39, 0, NULL),
(6, 21, 'Rascador para Roedores', 'RodentFeast', 42, 1, '2025-12-28'),
(6, 23, 'Comida para Conejos', 'DogLife', 66, 1, '2025-09-25'),
(6, 2, 'Juguete para Aves', 'FishFeast', 20, 1, '2026-01-25'),
(1, 17, 'Jaula para Gatos', 'FishFeast', 81, 0, NULL),
(6, 6, 'Collar para Roedores', 'BirdFeast', 25, 1, '2026-01-17'),
(6, 10, 'Spray para Conejos', 'DogLife', 59, 1, '2025-09-01'),
(6, 20, 'Antiparasitario para Roedores', 'FishFeast', 68, 1, '2026-07-21'),
(4, 1, 'Rascador para Perros', 'RodentFeast', 64, 0, NULL),
(5, 22, 'Alimento Premium para Aves', 'FishFeast', 86, 0, NULL),
(3, 21, 'Antiparasitario para Conejos', 'FishFeast', 76, 1, '2026-03-26'),
(2, 14, 'Rascador para Conejos', 'BunnyClean', 46, 1, '2025-10-17'),
(1, 15, 'Shampoo para Aves', 'BunnyClean', 35, 1, '2025-02-04'),
(4, 7, 'Decoración para Conejos', 'BirdFeast', 46, 1, '2025-07-14'),
(5, 10, 'Juguete para Conejos', 'CatCrunch', 26, 0, NULL),
(3, 21, 'Collar para Perros', 'FishFeast', 65, 1, '2025-02-18'),
(6, 8, 'Collar para Conejos', 'BunnyClean', 54, 0, NULL),
(1, 19, 'Vitamina para Conejos', 'BirdFeast', 93, 1, '2026-05-18'),
(4, 16, 'Alimento Premium para Roedores', 'BunnyClean', 17, 1, '2026-07-15'),
(2, 10, 'Alimento Premium para Roedores', 'CatCrunch', 48, 1, '2024-12-25'),
(3, 17, 'Vitamina para Roedores', 'RodentFeast', 39, 1, '2025-07-18'),
(3, 19, 'Collar para Roedores', 'FishFeast', 21, 1, '2026-07-01'),
(6, 3, 'Antiparasitario para Conejos', 'RodentFeast', 19, 0, NULL),
(2, 21, 'Decoración para Roedores', 'CatCrunch', 72, 0, NULL),
(3, 23, 'Jaula para Roedores', 'BirdFeast', 62, 0, NULL),
(1, 13, 'Shampoo para Aves', 'FishFeast', 46, 0, NULL),
(3, 24, 'Jaula para Peces', 'BirdFeast', 27, 1, '2025-06-15'),
(5, 6, 'Spray para Gatos', 'CatCrunch', 92, 0, NULL),
(4, 23, 'Jaula para Conejos', 'BunnyClean', 53, 1, '2025-05-10'),
(6, 18, 'Juguete para Roedores', 'BirdFeast', 56, 0, NULL),
(6, 2, 'Antiparasitario para Conejos', 'BunnyClean', 24, 1, '2026-10-09'),
(1, 5, 'Comida para Conejos', 'CatCrunch', 56, 1, '2025-05-17'),
(6, 13, 'Antiparasitario para Gatos', 'BirdFeast', 45, 1, '2026-08-11'),
(6, 6, 'Comida para Perros', 'DogLife', 64, 1, '2026-04-03'),
(2, 23, 'Juguete para Peces', 'CatCrunch', 61, 0, NULL),
(6, 8, 'Rascador para Gatos', 'RodentFeast', 24, 1, '2026-01-29'),
(4, 24, 'Decoración para Perros', 'BirdFeast', 79, 0, NULL),
(3, 14, 'Rascador para Gatos', 'DogLife', 64, 1, '2026-07-05'),
(5, 22, 'Antiparasitario para Gatos', 'RodentFeast', 80, 1, '2026-06-26'),
(4, 7, 'Antiparasitario para Gatos', 'DogLife', 43, 1, '2026-10-11'),
(2, 15, 'Rascador para Conejos', 'BirdFeast', 75, 0, NULL),
(3, 15, 'Rascador para Perros', 'DogLife', 22, 1, '2025-10-19'),
(5, 11, 'Alimento Premium para Peces', 'FishFeast', 42, 1, '2025-05-25'),
(2, 16, 'Shampoo para Perros', 'RodentFeast', 22, 1, '2026-06-01'),
(6, 20, 'Antiparasitario para Gatos', 'BirdFeast', 62, 0, NULL),
(6, 18, 'Comida para Aves', 'RodentFeast', 91, 0, NULL),
(1, 20, 'Alimento Premium para Peces', 'DogLife', 88, 1, '2025-05-24'),
(1, 13, 'Suplemento para Aves', 'RodentFeast', 71, 1, '2026-03-23'),
(6, 5, 'Alimento Premium para Roedores', 'DogLife', 69, 0, NULL),
(2, 21, 'Spray para Roedores', 'DogLife', 85, 0, NULL),
(4, 4, 'Antiparasitario para Conejos', 'CatCrunch', 41, 0, NULL),
(3, 19, 'Collar para Aves', 'FishFeast', 94, 1, '2024-12-22'),
(4, 4, 'Juguete para Roedores', 'CatCrunch', 12, 0, NULL),
(1, 21, 'Rascador para Peces', 'RodentFeast', 11, 1, '2026-04-19'),
(1, 15, 'Spray para Peces', 'DogLife', 19, 1, '2025-07-02'),
(4, 13, 'Jaula para Roedores', 'CatCrunch', 40, 1, '2026-09-13'),
(6, 18, 'Rascador para Conejos', 'RodentFeast', 21, 1, '2024-12-21'),
(4, 19, 'Comida para Roedores', 'BunnyClean', 22, 1, '2026-07-20'),
(6, 11, 'Vitamina para Aves', 'FishFeast', 73, 0, NULL),
(3, 22, 'Collar para Conejos', 'DogLife', 80, 0, NULL),
(4, 22, 'Juguete para Gatos', 'BunnyClean', 24, 0, NULL),
(4, 14, 'Rascador para Perros', 'BirdFeast', 50, 1, '2026-07-02'),
(3, 11, 'Alimento Premium para Perros', 'BirdFeast', 56, 1, '2026-05-05'),
(1, 21, 'Vitamina para Perros', 'RodentFeast', 79, 1, '2026-11-05'),
(5, 12, 'Antiparasitario para Gatos', 'RodentFeast', 58, 1, '2026-03-17'),
(4, 14, 'Spray para Gatos', 'RodentFeast', 12, 1, '2026-07-10'),
(1, 4, 'Rascador para Roedores', 'CatCrunch', 48, 1, '2026-07-12'),
(3, 8, 'Suplemento para Roedores', 'BunnyClean', 17, 0, NULL),
(1, 21, 'Comida para Perros', 'BirdFeast', 25, 0, NULL),
(6, 24, 'Vitamina para Roedores', 'RodentFeast', 51, 0, NULL),
(2, 1, 'Juguete para Perros', 'BunnyClean', 65, 1, '2024-12-20'),
(4, 18, 'Suplemento para Perros', 'BunnyClean', 54, 1, '2025-12-06'),
(3, 24, 'Vitamina para Gatos', 'FishFeast', 49, 1, '2025-01-24'),
(4, 13, 'Jaula para Aves', 'BunnyClean', 45, 0, NULL),
(3, 20, 'Rascador para Aves', 'RodentFeast', 70, 1, '2025-03-30'),
(4, 23, 'Antiparasitario para Peces', 'FishFeast', 55, 1, '2026-03-10'),
(1, 3, 'Decoración para Aves', 'RodentFeast', 62, 1, '2025-01-24'),
(4, 19, 'Suplemento para Peces', 'RodentFeast', 100, 0, NULL),
(5, 5, 'Spray para Perros', 'BirdFeast', 78, 1, '2026-08-30'),
(6, 16, 'Jaula para Gatos', 'BunnyClean', 51, 1, '2025-03-22'),
(4, 1, 'Antiparasitario para Aves', 'BirdFeast', 94, 1, '2025-02-20'),
(1, 10, 'Collar para Gatos', 'RodentFeast', 75, 0, NULL),
(6, 7, 'Suplemento para Gatos', 'CatCrunch', 81, 1, '2025-02-12'),
(4, 12, 'Vitamina para Aves', 'CatCrunch', 88, 0, NULL),
(5, 3, 'Antiparasitario para Conejos', 'FishFeast', 37, 1, '2025-11-17'),
(5, 21, 'Vitamina para Gatos', 'CatCrunch', 22, 0, NULL),
(5, 18, 'Jaula para Peces', 'DogLife', 27, 0, NULL),
(6, 6, 'Alimento Premium para Gatos', 'RodentFeast', 57, 1, '2025-07-18'),
(4, 5, 'Juguete para Roedores', 'CatCrunch', 28, 0, NULL),
(4, 12, 'Spray para Roedores', 'BunnyClean', 26, 1, '2025-04-25'),
(4, 14, 'Comida para Roedores', 'RodentFeast', 39, 1, '2025-03-26'),
(3, 12, 'Shampoo para Aves', 'CatCrunch', 36, 1, '2026-07-13'),
(2, 9, 'Rascador para Conejos', 'BunnyClean', 56, 0, NULL),
(2, 12, 'Vitamina para Aves', 'FishFeast', 54, 1, '2025-07-09'),
(2, 17, 'Decoración para Roedores', 'DogLife', 45, 1, '2025-04-13'),
(6, 2, 'Spray para Peces', 'DogLife', 22, 0, NULL),
(4, 7, 'Comida para Peces', 'CatCrunch', 84, 1, '2025-12-19'),
(2, 6, 'Jaula para Gatos', 'FishFeast', 86, 1, '2026-04-16'),
(1, 2, 'Comida para Roedores', 'BirdFeast', 17, 1, '2024-12-20'),
(6, 8, 'Decoración para Peces', 'FishFeast', 64, 0, NULL),
(6, 15, 'Alimento Premium para Conejos', 'BirdFeast', 57, 0, NULL),
(4, 10, 'Alimento Premium para Conejos', 'FishFeast', 13, 1, '2025-04-22'),
(5, 24, 'Juguete para Conejos', 'RodentFeast', 66, 1, '2025-08-08'),
(5, 1, 'Spray para Peces', 'CatCrunch', 68, 0, NULL),
(1, 24, 'Juguete para Perros', 'CatCrunch', 52, 1, '2025-02-15'),
(2, 2, 'Jaula para Conejos', 'BunnyClean', 38, 0, NULL),
(2, 9, 'Vitamina para Conejos', 'BirdFeast', 21, 1, '2025-07-22'),
(5, 10, 'Spray para Conejos', 'CatCrunch', 100, 1, '2025-10-16'),
(3, 24, 'Antiparasitario para Conejos', 'CatCrunch', 37, 1, '2026-07-22'),
(6, 15, 'Juguete para Perros', 'FishFeast', 75, 1, '2025-11-09'),
(1, 2, 'Alimento Premium para Conejos', 'CatCrunch', 100, 0, NULL),
(3, 8, 'Collar para Perros', 'CatCrunch', 27, 1, '2025-07-30'),
(6, 10, 'Rascador para Roedores', 'CatCrunch', 42, 0, NULL),
(6, 18, 'Alimento Premium para Gatos', 'RodentFeast', 26, 1, '2026-08-29'),
(3, 4, 'Jaula para Gatos', 'BunnyClean', 33, 1, '2026-09-06'),
(2, 15, 'Alimento Premium para Aves', 'BirdFeast', 27, 1, '2026-04-29'),
(6, 9, 'Rascador para Aves', 'FishFeast', 45, 1, '2025-07-08'),
(5, 5, 'Antiparasitario para Gatos', 'BirdFeast', 38, 1, '2025-06-03'),
(6, 24, 'Comida para Gatos', 'FishFeast', 25, 1, '2025-04-27'),
(6, 14, 'Shampoo para Perros', 'CatCrunch', 51, 0, NULL),
(6, 11, 'Decoración para Gatos', 'CatCrunch', 84, 1, '2026-09-25'),
(5, 20, 'Rascador para Peces', 'FishFeast', 85, 1, '2026-08-26'),
(1, 18, 'Spray para Peces', 'FishFeast', 21, 1, '2025-02-23'),
(4, 20, 'Vitamina para Perros', 'BunnyClean', 86, 1, '2025-03-07'),
(3, 13, 'Vitamina para Aves', 'CatCrunch', 65, 1, '2026-03-29'),
(2, 9, 'Shampoo para Conejos', 'RodentFeast', 67, 0, NULL),
(6, 19, 'Jaula para Aves', 'BirdFeast', 70, 0, NULL),
(3, 1, 'Alimento Premium para Perros', 'DogLife', 23, 0, NULL),
(6, 17, 'Suplemento para Conejos', 'BirdFeast', 93, 1, '2026-06-15'),
(3, 7, 'Shampoo para Aves', 'RodentFeast', 61, 1, '2026-04-02'),
(4, 16, 'Vitamina para Aves', 'CatCrunch', 28, 0, NULL),
(2, 2, 'Shampoo para Roedores', 'RodentFeast', 66, 1, '2026-06-26'),
(4, 13, 'Antiparasitario para Conejos', 'RodentFeast', 41, 1, '2025-02-08'),
(4, 2, 'Collar para Perros', 'DogLife', 21, 1, '2025-03-16'),
(6, 2, 'Shampoo para Aves', 'DogLife', 18, 1, '2026-08-31'),
(2, 14, 'Comida para Perros', 'BirdFeast', 73, 1, '2025-02-21'),
(6, 24, 'Shampoo para Conejos', 'BirdFeast', 72, 1, '2025-05-07'),
(3, 3, 'Shampoo para Perros', 'BirdFeast', 33, 1, '2025-08-20'),
(1, 18, 'Rascador para Perros', 'BunnyClean', 82, 0, NULL),
(6, 7, 'Shampoo para Roedores', 'FishFeast', 80, 0, NULL),
(4, 17, 'Vitamina para Gatos', 'FishFeast', 69, 1, '2025-10-13'),
(5, 9, 'Spray para Aves', 'BirdFeast', 94, 0, NULL),
(4, 16, 'Juguete para Gatos', 'BirdFeast', 42, 1, '2026-11-13'),
(3, 7, 'Suplemento para Roedores', 'CatCrunch', 79, 1, '2025-08-21'),
(4, 9, 'Shampoo para Peces', 'CatCrunch', 31, 1, '2026-05-23'),
(3, 1, 'Suplemento para Peces', 'BirdFeast', 89, 1, '2026-06-15'),
(1, 15, 'Rascador para Perros', 'RodentFeast', 88, 1, '2026-06-23'),
(4, 3, 'Comida para Aves', 'DogLife', 51, 1, '2026-10-04'),
(5, 9, 'Juguete para Gatos', 'RodentFeast', 62, 1, '2026-07-07'),
(3, 22, 'Juguete para Peces', 'BirdFeast', 62, 0, NULL),
(4, 10, 'Jaula para Perros', 'BunnyClean', 59, 1, '2026-02-19'),
(2, 18, 'Alimento Premium para Roedores', 'DogLife', 30, 1, '2026-04-17'),
(5, 24, 'Suplemento para Conejos', 'BunnyClean', 97, 0, NULL),
(2, 7, 'Juguete para Conejos', 'FishFeast', 18, 1, '2025-08-05'),
(1, 17, 'Suplemento para Roedores', 'BunnyClean', 16, 0, NULL),
(4, 13, 'Alimento Premium para Perros', 'CatCrunch', 58, 1, '2025-11-30'),
(3, 23, 'Alimento Premium para Aves', 'RodentFeast', 54, 1, '2026-06-20'),
(5, 23, 'Shampoo para Peces', 'BunnyClean', 94, 1, '2026-04-10'),
(3, 21, 'Suplemento para Gatos', 'CatCrunch', 24, 0, NULL),
(5, 23, 'Jaula para Perros', 'BunnyClean', 29, 0, NULL),
(6, 22, 'Suplemento para Perros', 'FishFeast', 55, 1, '2026-10-05'),
(3, 21, 'Alimento Premium para Perros', 'DogLife', 31, 0, NULL),
(5, 13, 'Alimento Premium para Aves', 'FishFeast', 77, 0, NULL),
(2, 24, 'Vitamina para Roedores', 'CatCrunch', 90, 0, NULL),
(1, 13, 'Decoración para Gatos', 'RodentFeast', 72, 0, NULL),
(1, 24, 'Shampoo para Gatos', 'BunnyClean', 43, 0, NULL),
(2, 1, 'Decoración para Roedores', 'CatCrunch', 84, 0, NULL),
(5, 1, 'Decoración para Perros', 'FishFeast', 12, 1, '2026-03-28'),
(2, 18, 'Comida para Perros', 'RodentFeast', 91, 0, NULL),
(5, 20, 'Vitamina para Perros', 'BunnyClean', 99, 0, NULL),
(6, 6, 'Shampoo para Roedores', 'CatCrunch', 18, 0, NULL),
(5, 10, 'Decoración para Conejos', 'DogLife', 26, 0, NULL),
(3, 17, 'Shampoo para Perros', 'DogLife', 78, 1, '2026-11-03'),
(5, 18, 'Rascador para Peces', 'DogLife', 50, 0, NULL),
(1, 8, 'Suplemento para Perros', 'FishFeast', 72, 1, '2025-03-10'),
(3, 4, 'Decoración para Perros', 'CatCrunch', 58, 0, NULL),
(3, 12, 'Jaula para Conejos', 'CatCrunch', 55, 1, '2026-02-20'),
(5, 22, 'Spray para Roedores', 'DogLife', 15, 1, '2026-07-14'),
(6, 18, 'Comida para Conejos', 'BirdFeast', 31, 1, '2026-03-30'),
(3, 9, 'Juguete para Perros', 'FishFeast', 11, 1, '2025-08-21'),
(4, 9, 'Antiparasitario para Gatos', 'BunnyClean', 94, 0, NULL),
(4, 13, 'Juguete para Peces', 'DogLife', 92, 1, '2026-10-18'),
(4, 12, 'Collar para Gatos', 'BirdFeast', 44, 0, NULL),
(1, 20, 'Shampoo para Roedores', 'FishFeast', 11, 0, NULL),
(2, 12, 'Rascador para Aves', 'CatCrunch', 78, 0, NULL),
(1, 7, 'Comida para Aves', 'BunnyClean', 29, 0, NULL),
(5, 17, 'Rascador para Gatos', 'DogLife', 48, 1, '2025-05-12'),
(3, 18, 'Alimento Premium para Perros', 'DogLife', 30, 0, NULL),
(5, 11, 'Alimento Premium para Gatos', 'BirdFeast', 35, 0, NULL),
(1, 16, 'Spray para Gatos', 'CatCrunch', 75, 0, NULL),
(6, 5, 'Spray para Roedores', 'BunnyClean', 81, 0, NULL),
(1, 12, 'Comida para Peces', 'BirdFeast', 21, 1, '2026-03-05'),
(5, 21, 'Rascador para Peces', 'BirdFeast', 60, 0, NULL),
(6, 16, 'Vitamina para Roedores', 'FishFeast', 19, 1, '2026-05-13'),
(3, 7, 'Shampoo para Gatos', 'BirdFeast', 53, 0, NULL),
(2, 9, 'Comida para Perros', 'DogLife', 92, 0, NULL),
(6, 15, 'Rascador para Gatos', 'FishFeast', 41, 1, '2025-07-26'),
(3, 8, 'Antiparasitario para Peces', 'DogLife', 99, 0, NULL),
(5, 21, 'Spray para Peces', 'RodentFeast', 98, 1, '2025-07-22'),
(2, 8, 'Alimento Premium para Perros', 'RodentFeast', 95, 0, NULL),
(6, 15, 'Juguete para Gatos', 'BirdFeast', 14, 0, NULL),
(2, 15, 'Shampoo para Roedores', 'BirdFeast', 48, 0, NULL),
(2, 11, 'Antiparasitario para Roedores', 'DogLife', 69, 0, NULL),
(2, 20, 'Alimento Premium para Roedores', 'BunnyClean', 61, 0, NULL),
(3, 6, 'Alimento Premium para Aves', 'BirdFeast', 66, 1, '2026-09-11'),
(4, 10, 'Collar para Perros', 'DogLife', 23, 0, NULL),
(2, 1, 'Shampoo para Aves', 'CatCrunch', 46, 1, '2025-10-29'),
(1, 14, 'Collar para Roedores', 'RodentFeast', 61, 1, '2025-07-22'),
(1, 10, 'Alimento Premium para Roedores', 'BunnyClean', 60, 0, NULL),
(5, 18, 'Alimento Premium para Conejos', 'RodentFeast', 91, 1, '2026-10-21'),
(4, 8, 'Spray para Perros', 'BunnyClean', 17, 0, NULL),
(3, 10, 'Spray para Peces', 'CatCrunch', 36, 1, '2026-01-31'),
(2, 16, 'Vitamina para Peces', 'FishFeast', 83, 0, NULL),
(4, 2, 'Juguete para Gatos', 'DogLife', 18, 0, NULL),
(2, 18, 'Rascador para Conejos', 'BirdFeast', 71, 0, NULL),
(1, 9, 'Decoración para Roedores', 'CatCrunch', 88, 0, NULL),
(3, 4, 'Alimento Premium para Conejos', 'DogLife', 54, 1, '2025-03-04'),
(4, 19, 'Alimento Premium para Peces', 'RodentFeast', 36, 0, NULL),
(4, 21, 'Collar para Peces', 'CatCrunch', 19, 0, NULL),
(3, 12, 'Spray para Perros', 'CatCrunch', 97, 1, '2025-12-10'),
(3, 22, 'Spray para Roedores', 'DogLife', 54, 0, NULL),
(6, 23, 'Suplemento para Perros', 'BunnyClean', 72, 0, NULL),
(1, 23, 'Alimento Premium para Perros', 'RodentFeast', 47, 0, NULL),
(5, 24, 'Vitamina para Aves', 'BirdFeast', 77, 0, NULL),
(5, 9, 'Comida para Conejos', 'BunnyClean', 61, 1, '2026-02-22'),
(3, 16, 'Antiparasitario para Conejos', 'RodentFeast', 93, 1, '2025-10-09'),
(3, 14, 'Comida para Aves', 'BirdFeast', 23, 1, '2026-02-10'),
(3, 3, 'Jaula para Peces', 'FishFeast', 88, 0, NULL),
(1, 1, 'Antiparasitario para Roedores', 'RodentFeast', 47, 1, '2025-07-12'),
(3, 23, 'Vitamina para Conejos', 'FishFeast', 21, 1, '2025-10-19'),
(6, 23, 'Suplemento para Conejos', 'FishFeast', 25, 0, NULL),
(6, 3, 'Juguete para Peces', 'DogLife', 47, 1, '2026-03-10'),
(1, 20, 'Juguete para Gatos', 'CatCrunch', 77, 1, '2025-02-03'),
(3, 22, 'Rascador para Aves', 'BunnyClean', 99, 1, '2025-03-22'),
(2, 12, 'Vitamina para Aves', 'RodentFeast', 39, 1, '2025-01-15'),
(3, 16, 'Spray para Roedores', 'FishFeast', 37, 1, '2026-10-31'),
(6, 10, 'Comida para Gatos', 'BirdFeast', 58, 0, NULL),
(5, 4, 'Spray para Roedores', 'FishFeast', 50, 0, NULL),
(3, 22, 'Rascador para Peces', 'BirdFeast', 65, 1, '2025-10-14'),
(1, 5, 'Vitamina para Roedores', 'BirdFeast', 38, 0, NULL),
(5, 4, 'Suplemento para Aves', 'RodentFeast', 87, 0, NULL),
(5, 3, 'Juguete para Conejos', 'BunnyClean', 56, 0, NULL),
(5, 14, 'Jaula para Perros', 'DogLife', 52, 1, '2026-11-17'),
(3, 1, 'Collar para Gatos', 'RodentFeast', 78, 1, '2026-07-22'),
(3, 10, 'Alimento Premium para Roedores', 'CatCrunch', 53, 0, NULL),
(5, 8, 'Rascador para Roedores', 'RodentFeast', 34, 0, NULL),
(4, 12, 'Rascador para Aves', 'BunnyClean', 99, 1, '2026-05-11'),
(3, 19, 'Alimento Premium para Perros', 'FishFeast', 84, 0, NULL),
(2, 2, 'Shampoo para Roedores', 'DogLife', 95, 1, '2025-06-10'),
(5, 18, 'Shampoo para Conejos', 'DogLife', 82, 1, '2026-10-13'),
(5, 4, 'Jaula para Peces', 'BunnyClean', 82, 0, NULL),
(5, 22, 'Rascador para Conejos', 'RodentFeast', 31, 1, '2025-12-18'),
(1, 7, 'Alimento Premium para Perros', 'BirdFeast', 68, 1, '2025-04-02'),
(4, 18, 'Comida para Peces', 'FishFeast', 39, 0, NULL),
(3, 24, 'Vitamina para Perros', 'FishFeast', 42, 1, '2026-09-10'),
(4, 9, 'Vitamina para Aves', 'FishFeast', 29, 0, NULL),
(1, 2, 'Jaula para Roedores', 'BirdFeast', 63, 1, '2026-10-16'),
(6, 9, 'Collar para Aves', 'FishFeast', 90, 0, NULL),
(2, 16, 'Juguete para Gatos', 'BirdFeast', 79, 1, '2026-02-11'),
(5, 10, 'Alimento Premium para Conejos', 'DogLife', 34, 1, '2026-10-15'),
(3, 16, 'Suplemento para Peces', 'RodentFeast', 17, 0, NULL),
(2, 24, 'Juguete para Gatos', 'RodentFeast', 44, 1, '2025-05-12'),
(4, 24, 'Spray para Gatos', 'BirdFeast', 76, 1, '2026-03-18'),
(2, 8, 'Collar para Gatos', 'RodentFeast', 91, 1, '2025-04-06'),
(1, 21, 'Decoración para Conejos', 'CatCrunch', 60, 1, '2026-04-06'),
(3, 3, 'Antiparasitario para Perros', 'BirdFeast', 40, 1, '2025-10-25'),
(3, 16, 'Suplemento para Perros', 'BunnyClean', 65, 1, '2025-01-16'),
(4, 16, 'Jaula para Gatos', 'FishFeast', 28, 1, '2025-12-07'),
(1, 15, 'Collar para Peces', 'BirdFeast', 40, 1, '2026-02-07'),
(6, 4, 'Collar para Gatos', 'RodentFeast', 22, 0, NULL),
(3, 10, 'Rascador para Conejos', 'RodentFeast', 75, 1, '2026-08-12'),
(2, 3, 'Rascador para Peces', 'FishFeast', 94, 1, '2026-09-17'),
(5, 2, 'Suplemento para Peces', 'FishFeast', 21, 1, '2025-07-25'),
(4, 22, 'Jaula para Conejos', 'RodentFeast', 22, 1, '2025-05-19'),
(5, 8, 'Spray para Conejos', 'BirdFeast', 92, 0, NULL),
(1, 2, 'Spray para Conejos', 'CatCrunch', 14, 1, '2025-11-24'),
(6, 7, 'Antiparasitario para Perros', 'RodentFeast', 91, 1, '2025-04-13'),
(6, 8, 'Alimento Premium para Peces', 'BirdFeast', 73, 1, '2025-08-15'),
(2, 8, 'Vitamina para Roedores', 'FishFeast', 20, 0, NULL),
(6, 6, 'Jaula para Conejos', 'CatCrunch', 50, 0, NULL),
(1, 10, 'Suplemento para Peces', 'CatCrunch', 31, 0, NULL),
(6, 10, 'Rascador para Aves', 'BunnyClean', 42, 1, '2025-07-04'),
(5, 4, 'Rascador para Aves', 'DogLife', 23, 1, '2025-08-21'),
(4, 3, 'Comida para Perros', 'RodentFeast', 63, 0, NULL),
(4, 23, 'Comida para Gatos', 'RodentFeast', 39, 1, '2025-08-29'),
(2, 16, 'Collar para Roedores', 'DogLife', 80, 0, NULL),
(5, 5, 'Decoración para Gatos', 'BirdFeast', 23, 0, NULL),
(5, 4, 'Rascador para Aves', 'DogLife', 83, 0, NULL),
(3, 16, 'Antiparasitario para Gatos', 'CatCrunch', 91, 0, NULL),
(1, 10, 'Rascador para Perros', 'FishFeast', 82, 0, NULL),
(6, 2, 'Comida para Roedores', 'CatCrunch', 35, 0, NULL),
(6, 15, 'Shampoo para Aves', 'BirdFeast', 68, 1, '2026-05-13'),
(4, 1, 'Suplemento para Conejos', 'BunnyClean', 36, 0, NULL),
(3, 6, 'Spray para Aves', 'BirdFeast', 96, 1, '2025-01-15'),
(6, 1, 'Alimento Premium para Roedores', 'BirdFeast', 12, 1, '2025-11-12'),
(6, 16, 'Comida para Aves', 'RodentFeast', 73, 0, NULL),
(6, 17, 'Comida para Perros', 'RodentFeast', 59, 0, NULL),
(5, 22, 'Juguete para Roedores', 'DogLife', 42, 1, '2026-03-25'),
(3, 8, 'Alimento Premium para Conejos', 'DogLife', 12, 1, '2026-06-26'),
(3, 21, 'Antiparasitario para Conejos', 'BirdFeast', 96, 0, NULL),
(6, 16, 'Rascador para Conejos', 'BirdFeast', 15, 0, NULL),
(3, 14, 'Comida para Gatos', 'FishFeast', 14, 0, NULL),
(6, 20, 'Jaula para Roedores', 'DogLife', 22, 1, '2026-08-13'),
(4, 4, 'Rascador para Peces', 'BirdFeast', 54, 1, '2025-04-28'),
(2, 2, 'Alimento Premium para Aves', 'BunnyClean', 52, 0, NULL),
(4, 18, 'Rascador para Aves', 'FishFeast', 30, 1, '2026-02-23'),
(5, 12, 'Suplemento para Roedores', 'FishFeast', 41, 1, '2026-09-30'),
(6, 13, 'Suplemento para Conejos', 'FishFeast', 27, 1, '2026-10-24'),
(2, 8, 'Vitamina para Gatos', 'CatCrunch', 83, 0, NULL),
(3, 10, 'Decoración para Perros', 'DogLife', 49, 0, NULL),
(4, 13, 'Antiparasitario para Conejos', 'CatCrunch', 11, 0, NULL),
(1, 4, 'Shampoo para Roedores', 'RodentFeast', 15, 0, NULL),
(2, 2, 'Decoración para Perros', 'BirdFeast', 18, 0, NULL),
(1, 13, 'Jaula para Roedores', 'FishFeast', 94, 0, NULL),
(6, 9, 'Juguete para Peces', 'CatCrunch', 79, 0, NULL),
(5, 12, 'Rascador para Aves', 'RodentFeast', 82, 0, NULL),
(4, 3, 'Alimento Premium para Peces', 'RodentFeast', 11, 0, NULL),
(5, 17, 'Vitamina para Peces', 'RodentFeast', 99, 1, '2025-01-28'),
(3, 7, 'Decoración para Gatos', 'CatCrunch', 20, 1, '2025-03-27'),
(4, 13, 'Vitamina para Gatos', 'FishFeast', 54, 0, NULL),
(2, 18, 'Rascador para Perros', 'CatCrunch', 12, 0, NULL),
(2, 4, 'Rascador para Gatos', 'DogLife', 42, 1, '2026-06-30'),
(5, 10, 'Rascador para Roedores', 'BunnyClean', 72, 0, NULL),
(4, 21, 'Comida para Perros', 'FishFeast', 29, 1, '2026-08-07'),
(4, 13, 'Collar para Roedores', 'DogLife', 36, 0, NULL),
(2, 19, 'Decoración para Perros', 'CatCrunch', 50, 1, '2026-06-11'),
(2, 2, 'Vitamina para Conejos', 'BunnyClean', 50, 1, '2026-06-20'),
(6, 23, 'Shampoo para Aves', 'BirdFeast', 27, 1, '2025-12-31'),
(4, 19, 'Collar para Perros', 'FishFeast', 97, 0, NULL),
(5, 3, 'Shampoo para Gatos', 'RodentFeast', 94, 0, NULL),
(5, 18, 'Jaula para Gatos', 'CatCrunch', 51, 1, '2025-05-10'),
(3, 12, 'Comida para Aves', 'DogLife', 12, 1, '2025-05-02'),
(1, 22, 'Comida para Conejos', 'CatCrunch', 52, 0, NULL),
(6, 13, 'Suplemento para Peces', 'BirdFeast', 95, 1, '2026-10-07'),
(6, 2, 'Jaula para Conejos', 'FishFeast', 55, 0, NULL),
(5, 3, 'Spray para Peces', 'FishFeast', 74, 1, '2026-04-27'),
(4, 5, 'Juguete para Aves', 'RodentFeast', 76, 0, NULL),
(5, 5, 'Rascador para Peces', 'DogLife', 96, 0, NULL),
(1, 23, 'Alimento Premium para Aves', 'BunnyClean', 73, 1, '2025-10-31'),
(5, 21, 'Spray para Aves', 'BunnyClean', 53, 0, NULL),
(4, 7, 'Alimento Premium para Aves', 'FishFeast', 61, 1, '2026-06-06'),
(4, 8, 'Shampoo para Gatos', 'BirdFeast', 19, 0, NULL),
(6, 24, 'Jaula para Conejos', 'BunnyClean', 64, 0, NULL),
(1, 17, 'Jaula para Perros', 'BunnyClean', 58, 0, NULL),
(5, 18, 'Shampoo para Peces', 'CatCrunch', 53, 0, NULL),
(6, 12, 'Juguete para Aves', 'CatCrunch', 30, 1, '2025-06-27'),
(1, 7, 'Alimento Premium para Aves', 'FishFeast', 65, 0, NULL),
(5, 3, 'Jaula para Roedores', 'BirdFeast', 37, 1, '2025-03-14'),
(5, 5, 'Rascador para Perros', 'FishFeast', 62, 0, NULL),
(4, 3, 'Spray para Aves', 'BunnyClean', 21, 0, NULL),
(6, 10, 'Rascador para Conejos', 'CatCrunch', 45, 1, '2025-09-10'),
(6, 2, 'Juguete para Roedores', 'CatCrunch', 14, 1, '2025-06-26'),
(2, 19, 'Antiparasitario para Aves', 'RodentFeast', 58, 1, '2025-01-29'),
(1, 15, 'Suplemento para Roedores', 'CatCrunch', 11, 1, '2025-07-14'),
(4, 24, 'Juguete para Gatos', 'RodentFeast', 53, 1, '2026-11-12'),
(6, 10, 'Antiparasitario para Peces', 'RodentFeast', 27, 0, NULL),
(5, 6, 'Jaula para Conejos', 'FishFeast', 46, 1, '2026-05-15'),
(2, 23, 'Rascador para Roedores', 'CatCrunch', 13, 0, NULL),
(2, 10, 'Vitamina para Conejos', 'DogLife', 87, 1, '2025-10-16'),
(6, 24, 'Comida para Aves', 'DogLife', 78, 0, NULL),
(3, 16, 'Shampoo para Peces', 'DogLife', 88, 1, '2025-10-04'),
(3, 9, 'Antiparasitario para Conejos', 'CatCrunch', 83, 1, '2026-03-12'),
(1, 3, 'Decoración para Conejos', 'DogLife', 48, 0, NULL),
(5, 9, 'Suplemento para Peces', 'BunnyClean', 97, 0, NULL),
(1, 4, 'Rascador para Perros', 'RodentFeast', 88, 0, NULL),
(6, 23, 'Comida para Roedores', 'FishFeast', 70, 0, NULL),
(3, 24, 'Suplemento para Roedores', 'BirdFeast', 18, 0, NULL),
(1, 9, 'Vitamina para Aves', 'BirdFeast', 80, 1, '2026-07-08'),
(4, 20, 'Rascador para Gatos', 'DogLife', 50, 1, '2026-04-10'),
(2, 11, 'Suplemento para Aves', 'FishFeast', 43, 0, NULL),
(4, 8, 'Suplemento para Conejos', 'DogLife', 81, 0, NULL),
(4, 10, 'Juguete para Conejos', 'BunnyClean', 66, 1, '2026-05-07'),
(3, 2, 'Decoración para Perros', 'BunnyClean', 64, 0, NULL),
(4, 23, 'Alimento Premium para Perros', 'FishFeast', 87, 1, '2025-09-12'),
(2, 11, 'Suplemento para Conejos', 'RodentFeast', 74, 1, '2025-06-16'),
(5, 24, 'Comida para Gatos', 'RodentFeast', 40, 0, NULL),
(6, 1, 'Vitamina para Perros', 'CatCrunch', 99, 0, NULL),
(4, 19, 'Alimento Premium para Perros', 'CatCrunch', 29, 0, NULL),
(3, 23, 'Spray para Gatos', 'DogLife', 85, 1, '2025-06-15'),
(2, 20, 'Shampoo para Roedores', 'DogLife', 11, 0, NULL),
(1, 20, 'Comida para Conejos', 'FishFeast', 70, 1, '2025-01-06'),
(4, 13, 'Jaula para Perros', 'RodentFeast', 28, 1, '2026-09-18'),
(6, 6, 'Vitamina para Conejos', 'RodentFeast', 82, 0, NULL),
(2, 24, 'Alimento Premium para Peces', 'FishFeast', 90, 0, NULL),
(5, 9, 'Decoración para Roedores', 'CatCrunch', 37, 1, '2025-09-01'),
(2, 14, 'Comida para Conejos', 'DogLife', 21, 1, '2025-06-09'),
(5, 2, 'Collar para Peces', 'BirdFeast', 27, 1, '2026-07-09'),
(6, 13, 'Alimento Premium para Peces', 'RodentFeast', 93, 0, NULL),
(4, 10, 'Comida para Aves', 'FishFeast', 88, 0, NULL),
(5, 11, 'Spray para Aves', 'BirdFeast', 73, 0, NULL),
(5, 21, 'Shampoo para Perros', 'FishFeast', 56, 0, NULL),
(3, 8, 'Antiparasitario para Perros', 'CatCrunch', 60, 1, '2026-09-06'),
(1, 12, 'Alimento Premium para Perros', 'DogLife', 61, 0, NULL),
(5, 18, 'Decoración para Peces', 'DogLife', 58, 0, NULL),
(5, 15, 'Spray para Peces', 'FishFeast', 60, 0, NULL),
(2, 21, 'Collar para Conejos', 'RodentFeast', 16, 1, '2026-07-27'),
(6, 7, 'Vitamina para Aves', 'CatCrunch', 29, 0, NULL),
(2, 21, 'Suplemento para Perros', 'CatCrunch', 98, 1, '2026-06-17'),
(4, 1, 'Jaula para Gatos', 'FishFeast', 52, 1, '2025-04-23'),
(4, 13, 'Decoración para Conejos', 'CatCrunch', 26, 1, '2025-11-09'),
(4, 11, 'Suplemento para Gatos', 'DogLife', 78, 1, '2025-03-29'),
(2, 22, 'Collar para Peces', 'BirdFeast', 35, 0, NULL),
(2, 1, 'Rascador para Roedores', 'BunnyClean', 99, 0, NULL),
(4, 15, 'Shampoo para Roedores', 'BunnyClean', 54, 0, NULL),
(1, 6, 'Collar para Conejos', 'DogLife', 75, 1, '2026-04-03'),
(6, 16, 'Antiparasitario para Peces', 'BunnyClean', 76, 0, NULL),
(2, 10, 'Juguete para Conejos', 'CatCrunch', 31, 1, '2025-02-11'),
(5, 17, 'Juguete para Peces', 'FishFeast', 79, 1, '2026-09-01'),
(4, 17, 'Vitamina para Gatos', 'RodentFeast', 13, 1, '2025-12-26'),
(3, 16, 'Antiparasitario para Aves', 'CatCrunch', 35, 1, '2026-07-13'),
(1, 20, 'Rascador para Gatos', 'DogLife', 94, 0, NULL),
(1, 3, 'Comida para Roedores', 'FishFeast', 26, 0, NULL),
(6, 2, 'Decoración para Roedores', 'DogLife', 95, 0, NULL),
(6, 11, 'Decoración para Perros', 'CatCrunch', 60, 1, '2025-08-02'),
(1, 1, 'Spray para Peces', 'BirdFeast', 37, 0, NULL),
(3, 18, 'Decoración para Conejos', 'BirdFeast', 97, 0, NULL),
(6, 24, 'Jaula para Roedores', 'FishFeast', 14, 1, '2025-10-20'),
(3, 11, 'Rascador para Gatos', 'BunnyClean', 75, 1, '2026-07-05'),
(3, 23, 'Spray para Gatos', 'BunnyClean', 74, 0, NULL),
(3, 18, 'Collar para Gatos', 'CatCrunch', 100, 1, '2025-01-11'),
(1, 8, 'Alimento Premium para Conejos', 'BunnyClean', 51, 1, '2026-08-23'),
(2, 22, 'Suplemento para Perros', 'BirdFeast', 91, 1, '2025-09-14'),
(6, 20, 'Jaula para Aves', 'DogLife', 76, 0, NULL),
(4, 19, 'Decoración para Conejos', 'BunnyClean', 23, 1, '2025-12-06'),
(2, 1, 'Juguete para Roedores', 'BirdFeast', 75, 1, '2026-03-24'),
(1, 1, 'Suplemento para Perros', 'DogLife', 71, 0, NULL),
(4, 9, 'Antiparasitario para Conejos', 'BirdFeast', 46, 0, NULL),
(5, 19, 'Shampoo para Conejos', 'FishFeast', 31, 0, NULL),
(5, 19, 'Juguete para Roedores', 'DogLife', 13, 0, NULL),
(5, 7, 'Vitamina para Perros', 'RodentFeast', 91, 0, NULL),
(2, 20, 'Shampoo para Roedores', 'BirdFeast', 71, 1, '2025-02-07'),
(5, 21, 'Alimento Premium para Conejos', 'CatCrunch', 12, 1, '2025-04-28'),
(2, 8, 'Shampoo para Conejos', 'CatCrunch', 22, 0, NULL),
(3, 11, 'Vitamina para Peces', 'FishFeast', 59, 1, '2026-11-06'),
(2, 17, 'Juguete para Perros', 'BirdFeast', 27, 0, NULL),
(3, 15, 'Suplemento para Perros', 'CatCrunch', 25, 0, NULL),
(4, 7, 'Rascador para Peces', 'BirdFeast', 26, 0, NULL),
(3, 8, 'Collar para Perros', 'FishFeast', 79, 1, '2026-09-30'),
(1, 1, 'Rascador para Aves', 'FishFeast', 50, 1, '2026-07-22'),
(3, 4, 'Alimento Premium para Aves', 'FishFeast', 86, 0, NULL),
(5, 1, 'Collar para Aves', 'RodentFeast', 80, 0, NULL),
(3, 7, 'Comida para Gatos', 'RodentFeast', 65, 0, NULL),
(4, 16, 'Juguete para Gatos', 'BunnyClean', 11, 1, '2025-03-17'),
(1, 22, 'Alimento Premium para Roedores', 'FishFeast', 16, 0, NULL),
(1, 11, 'Vitamina para Gatos', 'CatCrunch', 23, 0, NULL),
(4, 6, 'Suplemento para Perros', 'BirdFeast', 13, 0, NULL),
(1, 5, 'Shampoo para Conejos', 'BunnyClean', 34, 1, '2025-03-21'),
(6, 20, 'Jaula para Peces', 'CatCrunch', 43, 0, NULL),
(3, 2, 'Suplemento para Aves', 'BunnyClean', 55, 1, '2025-03-06'),
(1, 11, 'Alimento Premium para Conejos', 'FishFeast', 34, 0, NULL),
(4, 23, 'Comida para Peces', 'CatCrunch', 42, 1, '2025-04-18'),
(1, 16, 'Spray para Aves', 'CatCrunch', 65, 0, NULL),
(2, 4, 'Shampoo para Aves', 'FishFeast', 82, 1, '2026-07-29'),
(5, 10, 'Suplemento para Gatos', 'BunnyClean', 35, 1, '2025-02-23'),
(6, 18, 'Decoración para Aves', 'BunnyClean', 26, 0, NULL),
(4, 23, 'Decoración para Roedores', 'BunnyClean', 16, 1, '2025-06-06'),
(4, 3, 'Antiparasitario para Conejos', 'DogLife', 41, 1, '2025-07-15'),
(6, 6, 'Collar para Aves', 'FishFeast', 48, 0, NULL),
(6, 6, 'Collar para Perros', 'DogLife', 66, 1, '2026-04-05'),
(4, 6, 'Rascador para Roedores', 'BunnyClean', 30, 0, NULL),
(5, 9, 'Decoración para Roedores', 'FishFeast', 27, 0, NULL),
(6, 18, 'Jaula para Gatos', 'BunnyClean', 100, 1, '2025-04-16'),
(6, 7, 'Juguete para Roedores', 'BunnyClean', 52, 1, '2026-07-09'),
(1, 20, 'Collar para Conejos', 'BunnyClean', 36, 1, '2025-04-05'),
(4, 4, 'Spray para Aves', 'RodentFeast', 38, 0, NULL),
(2, 13, 'Collar para Peces', 'RodentFeast', 65, 1, '2025-02-09'),
(4, 1, 'Alimento Premium para Conejos', 'RodentFeast', 100, 1, '2026-05-20'),
(1, 8, 'Collar para Peces', 'CatCrunch', 11, 0, NULL),
(1, 4, 'Spray para Gatos', 'BunnyClean', 50, 0, NULL),
(5, 1, 'Shampoo para Aves', 'BirdFeast', 66, 1, '2026-02-23'),
(6, 2, 'Shampoo para Gatos', 'RodentFeast', 100, 0, NULL),
(1, 1, 'Decoración para Gatos', 'RodentFeast', 47, 1, '2025-04-28'),
(6, 7, 'Jaula para Gatos', 'FishFeast', 37, 0, NULL),
(3, 11, 'Suplemento para Peces', 'CatCrunch', 45, 1, '2026-07-03'),
(6, 13, 'Juguete para Roedores', 'CatCrunch', 96, 0, NULL),
(6, 11, 'Shampoo para Aves', 'BirdFeast', 90, 0, NULL),
(6, 5, 'Rascador para Aves', 'DogLife', 60, 1, '2025-02-21'),
(2, 22, 'Antiparasitario para Roedores', 'RodentFeast', 32, 1, '2026-05-01'),
(4, 11, 'Alimento Premium para Roedores', 'CatCrunch', 66, 0, NULL),
(4, 14, 'Alimento Premium para Aves', 'BunnyClean', 82, 1, '2026-09-25'),
(3, 24, 'Spray para Peces', 'CatCrunch', 22, 0, NULL),
(2, 14, 'Shampoo para Aves', 'RodentFeast', 85, 1, '2025-06-15'),
(1, 13, 'Suplemento para Aves', 'DogLife', 99, 1, '2025-05-24'),
(5, 15, 'Jaula para Gatos', 'BunnyClean', 68, 0, NULL),
(1, 20, 'Collar para Peces', 'BirdFeast', 82, 0, NULL),
(3, 18, 'Juguete para Conejos', 'BunnyClean', 15, 0, NULL),
(4, 2, 'Collar para Gatos', 'DogLife', 50, 1, '2026-03-21'),
(2, 24, 'Spray para Peces', 'CatCrunch', 76, 0, NULL),
(2, 21, 'Spray para Gatos', 'DogLife', 13, 1, '2025-06-20'),
(3, 21, 'Juguete para Gatos', 'BirdFeast', 46, 0, NULL),
(2, 16, 'Comida para Perros', 'RodentFeast', 59, 0, NULL),
(5, 24, 'Vitamina para Roedores', 'CatCrunch', 33, 1, '2025-07-12'),
(2, 13, 'Jaula para Conejos', 'FishFeast', 90, 0, NULL),
(4, 12, 'Decoración para Gatos', 'BunnyClean', 42, 1, '2026-07-02'),
(1, 11, 'Juguete para Perros', 'FishFeast', 10, 0, NULL),
(6, 18, 'Spray para Perros', 'BirdFeast', 94, 0, NULL),
(5, 15, 'Comida para Aves', 'BunnyClean', 80, 0, NULL),
(4, 22, 'Jaula para Peces', 'RodentFeast', 77, 0, NULL),
(4, 15, 'Antiparasitario para Perros', 'BunnyClean', 46, 0, NULL),
(6, 21, 'Juguete para Roedores', 'CatCrunch', 62, 0, NULL),
(5, 3, 'Spray para Roedores', 'BunnyClean', 13, 1, '2024-12-30'),
(2, 21, 'Alimento Premium para Conejos', 'BirdFeast', 23, 0, NULL),
(1, 13, 'Collar para Aves', 'RodentFeast', 58, 0, NULL),
(2, 9, 'Spray para Roedores', 'RodentFeast', 94, 1, '2026-01-01'),
(4, 22, 'Suplemento para Perros', 'RodentFeast', 57, 1, '2026-10-18'),
(6, 21, 'Juguete para Perros', 'RodentFeast', 52, 0, NULL),
(5, 24, 'Collar para Gatos', 'FishFeast', 94, 0, NULL),
(4, 6, 'Alimento Premium para Conejos', 'BunnyClean', 99, 1, '2025-07-18'),
(5, 1, 'Decoración para Peces', 'BunnyClean', 32, 1, '2025-04-14'),
(1, 18, 'Comida para Roedores', 'BirdFeast', 95, 0, NULL),
(6, 8, 'Suplemento para Conejos', 'FishFeast', 40, 1, '2026-02-18'),
(4, 21, 'Rascador para Perros', 'BirdFeast', 90, 0, NULL),
(1, 6, 'Collar para Perros', 'CatCrunch', 17, 0, NULL),
(4, 6, 'Alimento Premium para Roedores', 'BunnyClean', 76, 0, NULL),
(5, 20, 'Rascador para Gatos', 'BirdFeast', 67, 1, '2025-12-21'),
(6, 6, 'Comida para Gatos', 'DogLife', 55, 1, '2025-12-22'),
(4, 16, 'Collar para Aves', 'BirdFeast', 37, 0, NULL),
(5, 9, 'Vitamina para Conejos', 'BunnyClean', 83, 1, '2025-08-15'),
(2, 12, 'Rascador para Roedores', 'CatCrunch', 49, 0, NULL),
(1, 13, 'Rascador para Gatos', 'BirdFeast', 97, 1, '2025-11-24'),
(2, 20, 'Vitamina para Peces', 'RodentFeast', 24, 0, NULL),
(6, 12, 'Antiparasitario para Roedores', 'CatCrunch', 54, 1, '2026-06-01'),
(2, 7, 'Comida para Perros', 'RodentFeast', 13, 1, '2025-05-15'),
(1, 1, 'Antiparasitario para Conejos', 'BunnyClean', 22, 0, NULL),
(3, 7, 'Spray para Roedores', 'FishFeast', 91, 1, '2025-05-24'),
(5, 10, 'Alimento Premium para Gatos', 'RodentFeast', 81, 0, NULL),
(5, 23, 'Antiparasitario para Perros', 'FishFeast', 91, 0, NULL),
(4, 15, 'Juguete para Roedores', 'RodentFeast', 64, 1, '2025-06-15'),
(3, 21, 'Vitamina para Perros', 'FishFeast', 97, 0, NULL),
(2, 3, 'Comida para Aves', 'DogLife', 89, 1, '2025-10-14'),
(3, 1, 'Vitamina para Roedores', 'RodentFeast', 25, 1, '2025-07-03'),
(5, 12, 'Juguete para Conejos', 'BunnyClean', 59, 1, '2026-05-09'),
(2, 8, 'Juguete para Conejos', 'FishFeast', 15, 0, NULL),
(2, 12, 'Shampoo para Peces', 'DogLife', 70, 0, NULL),
(5, 5, 'Collar para Roedores', 'DogLife', 79, 0, NULL),
(6, 19, 'Spray para Conejos', 'DogLife', 26, 0, NULL),
(3, 22, 'Alimento Premium para Aves', 'FishFeast', 59, 0, NULL),
(1, 6, 'Jaula para Gatos', 'BunnyClean', 17, 1, '2025-03-06'),
(5, 2, 'Comida para Perros', 'BirdFeast', 16, 0, NULL),
(1, 15, 'Suplemento para Roedores', 'CatCrunch', 68, 1, '2025-04-06'),
(5, 10, 'Shampoo para Conejos', 'BunnyClean', 13, 0, NULL),
(2, 2, 'Juguete para Peces', 'DogLife', 87, 1, '2026-03-02'),
(1, 17, 'Decoración para Gatos', 'CatCrunch', 46, 1, '2024-12-27'),
(4, 17, 'Antiparasitario para Perros', 'FishFeast', 55, 0, NULL),
(2, 23, 'Antiparasitario para Conejos', 'BirdFeast', 37, 0, NULL),
(5, 18, 'Jaula para Peces', 'FishFeast', 30, 0, NULL),
(1, 4, 'Alimento Premium para Peces', 'RodentFeast', 22, 1, '2026-01-04'),
(3, 20, 'Jaula para Perros', 'CatCrunch', 23, 0, NULL),
(5, 3, 'Antiparasitario para Aves', 'DogLife', 23, 0, NULL),
(5, 17, 'Juguete para Gatos', 'DogLife', 93, 0, NULL),
(4, 8, 'Vitamina para Peces', 'BirdFeast', 39, 1, '2026-06-06'),
(1, 14, 'Antiparasitario para Peces', 'BunnyClean', 70, 0, NULL),
(4, 17, 'Vitamina para Roedores', 'BunnyClean', 47, 0, NULL),
(6, 2, 'Shampoo para Peces', 'RodentFeast', 90, 1, '2026-01-01'),
(3, 24, 'Jaula para Gatos', 'RodentFeast', 42, 1, '2025-04-12'),
(2, 9, 'Spray para Conejos', 'BunnyClean', 74, 0, NULL),
(2, 14, 'Suplemento para Gatos', 'BunnyClean', 50, 0, NULL),
(1, 7, 'Shampoo para Perros', 'RodentFeast', 29, 0, NULL),
(3, 2, 'Juguete para Perros', 'DogLife', 100, 0, NULL),
(3, 19, 'Vitamina para Perros', 'DogLife', 14, 1, '2026-09-19'),
(3, 9, 'Spray para Gatos', 'RodentFeast', 24, 1, '2026-01-03'),
(4, 11, 'Juguete para Conejos', 'BirdFeast', 74, 1, '2025-01-19'),
(1, 5, 'Jaula para Perros', 'RodentFeast', 55, 1, '2025-07-31'),
(5, 9, 'Vitamina para Gatos', 'BirdFeast', 62, 0, NULL),
(5, 15, 'Shampoo para Aves', 'BirdFeast', 39, 1, '2025-06-26'),
(1, 6, 'Jaula para Conejos', 'DogLife', 68, 1, '2025-08-05'),
(1, 1, 'Collar para Aves', 'DogLife', 20, 1, '2025-04-27'),
(6, 22, 'Comida para Peces', 'DogLife', 80, 1, '2025-09-10'),
(4, 10, 'Collar para Gatos', 'BunnyClean', 30, 0, NULL),
(4, 1, 'Suplemento para Aves', 'BirdFeast', 63, 1, '2025-02-05'),
(1, 1, 'Collar para Conejos', 'RodentFeast', 88, 0, NULL),
(5, 6, 'Shampoo para Gatos', 'BunnyClean', 88, 1, '2026-05-12'),
(4, 22, 'Shampoo para Gatos', 'BirdFeast', 11, 0, NULL),
(4, 13, 'Jaula para Perros', 'BunnyClean', 54, 1, '2025-03-25'),
(3, 1, 'Spray para Roedores', 'RodentFeast', 12, 0, NULL),
(5, 24, 'Jaula para Aves', 'CatCrunch', 36, 1, '2025-05-20'),
(1, 9, 'Vitamina para Perros', 'DogLife', 42, 0, NULL),
(5, 14, 'Spray para Conejos', 'BirdFeast', 34, 0, NULL),
(2, 20, 'Alimento Premium para Peces', 'FishFeast', 22, 1, '2026-05-05'),
(6, 24, 'Rascador para Peces', 'FishFeast', 78, 0, NULL),
(5, 16, 'Vitamina para Conejos', 'BirdFeast', 88, 0, NULL),
(4, 16, 'Antiparasitario para Aves', 'RodentFeast', 89, 1, '2026-05-17'),
(5, 7, 'Jaula para Perros', 'CatCrunch', 76, 0, NULL),
(5, 4, 'Antiparasitario para Aves', 'BunnyClean', 96, 1, '2025-03-20'),
(5, 5, 'Shampoo para Roedores', 'CatCrunch', 23, 0, NULL),
(5, 8, 'Spray para Aves', 'BunnyClean', 31, 0, NULL),
(5, 17, 'Suplemento para Perros', 'FishFeast', 86, 1, '2025-05-23'),
(4, 24, 'Rascador para Conejos', 'RodentFeast', 22, 0, NULL),
(2, 3, 'Alimento Premium para Gatos', 'DogLife', 72, 1, '2026-01-04'),
(5, 22, 'Antiparasitario para Peces', 'RodentFeast', 59, 1, '2025-09-11'),
(2, 18, 'Shampoo para Perros', 'BirdFeast', 67, 1, '2026-10-29'),
(3, 22, 'Alimento Premium para Roedores', 'BirdFeast', 46, 0, NULL),
(1, 23, 'Juguete para Perros', 'DogLife', 18, 0, NULL),
(5, 13, 'Antiparasitario para Peces', 'CatCrunch', 61, 1, '2026-03-02'),
(4, 18, 'Jaula para Gatos', 'BirdFeast', 95, 1, '2025-01-29'),
(5, 17, 'Antiparasitario para Peces', 'BirdFeast', 49, 0, NULL),
(2, 3, 'Rascador para Peces', 'FishFeast', 74, 1, '2026-04-02'),
(5, 9, 'Jaula para Aves', 'RodentFeast', 45, 1, '2026-07-20'),
(5, 2, 'Vitamina para Gatos', 'BirdFeast', 35, 0, NULL),
(2, 1, 'Alimento Premium para Roedores', 'FishFeast', 99, 1, '2026-10-26'),
(4, 20, 'Shampoo para Peces', 'DogLife', 78, 0, NULL),
(5, 8, 'Spray para Roedores', 'CatCrunch', 32, 1, '2026-01-17'),
(6, 13, 'Alimento Premium para Gatos', 'FishFeast', 46, 0, NULL),
(2, 10, 'Decoración para Gatos', 'BunnyClean', 62, 1, '2025-02-27'),
(3, 4, 'Antiparasitario para Gatos', 'BunnyClean', 66, 0, NULL),
(1, 20, 'Jaula para Gatos', 'BunnyClean', 100, 1, '2026-10-03'),
(6, 12, 'Vitamina para Gatos', 'RodentFeast', 61, 0, NULL),
(4, 3, 'Suplemento para Aves', 'BirdFeast', 91, 0, NULL),
(6, 11, 'Suplemento para Perros', 'BunnyClean', 11, 0, NULL),
(3, 7, 'Juguete para Gatos', 'BirdFeast', 52, 0, NULL),
(4, 10, 'Alimento Premium para Gatos', 'BirdFeast', 34, 0, NULL),
(4, 12, 'Shampoo para Peces', 'BirdFeast', 46, 0, NULL),
(4, 8, 'Shampoo para Conejos', 'RodentFeast', 68, 1, '2025-02-26'),
(6, 14, 'Decoración para Peces', 'DogLife', 74, 0, NULL),
(6, 24, 'Shampoo para Gatos', 'BirdFeast', 56, 1, '2025-07-05'),
(6, 21, 'Collar para Roedores', 'DogLife', 71, 1, '2025-06-07'),
(1, 14, 'Jaula para Roedores', 'CatCrunch', 89, 0, NULL),
(2, 22, 'Shampoo para Perros', 'BirdFeast', 95, 1, '2026-02-21'),
(3, 17, 'Decoración para Aves', 'CatCrunch', 24, 1, '2025-12-27'),
(4, 2, 'Rascador para Roedores', 'DogLife', 71, 0, NULL),
(3, 1, 'Comida para Conejos', 'FishFeast', 70, 1, '2026-04-21'),
(6, 12, 'Decoración para Conejos', 'BirdFeast', 68, 0, NULL),
(4, 8, 'Shampoo para Peces', 'BunnyClean', 70, 0, NULL),
(3, 18, 'Vitamina para Gatos', 'DogLife', 69, 0, NULL),
(5, 10, 'Juguete para Gatos', 'BirdFeast', 68, 1, '2026-07-05'),
(5, 8, 'Alimento Premium para Roedores', 'BunnyClean', 65, 0, NULL),
(3, 9, 'Alimento Premium para Aves', 'BirdFeast', 11, 1, '2026-04-06'),
(6, 6, 'Alimento Premium para Conejos', 'FishFeast', 60, 1, '2026-09-28'),
(6, 8, 'Antiparasitario para Roedores', 'DogLife', 89, 0, NULL),
(4, 13, 'Antiparasitario para Gatos', 'DogLife', 82, 0, NULL),
(4, 3, 'Juguete para Perros', 'BunnyClean', 17, 1, '2025-07-21'),
(2, 22, 'Collar para Roedores', 'BunnyClean', 15, 0, NULL),
(4, 3, 'Alimento Premium para Perros', 'FishFeast', 77, 0, NULL),
(1, 13, 'Comida para Aves', 'RodentFeast', 75, 0, NULL),
(4, 15, 'Antiparasitario para Peces', 'BirdFeast', 88, 0, NULL),
(4, 14, 'Spray para Conejos', 'BirdFeast', 76, 1, '2025-02-26'),
(5, 7, 'Alimento Premium para Perros', 'BirdFeast', 29, 1, '2026-03-06'),
(5, 7, 'Comida para Perros', 'CatCrunch', 20, 1, '2026-06-10'),
(6, 23, 'Decoración para Aves', 'CatCrunch', 21, 0, NULL),
(1, 18, 'Jaula para Perros', 'DogLife', 96, 0, NULL),
(4, 24, 'Antiparasitario para Conejos', 'DogLife', 64, 0, NULL),
(5, 20, 'Collar para Peces', 'RodentFeast', 98, 1, '2026-10-10'),
(6, 9, 'Vitamina para Conejos', 'CatCrunch', 76, 0, NULL),
(4, 5, 'Suplemento para Peces', 'BunnyClean', 60, 0, NULL),
(5, 20, 'Collar para Roedores', 'DogLife', 52, 0, NULL),
(2, 8, 'Juguete para Peces', 'BunnyClean', 11, 0, NULL),
(3, 10, 'Shampoo para Gatos', 'CatCrunch', 47, 1, '2025-08-05'),
(3, 17, 'Shampoo para Peces', 'RodentFeast', 61, 0, NULL),
(3, 9, 'Shampoo para Perros', 'BunnyClean', 93, 0, NULL),
(1, 16, 'Suplemento para Perros', 'RodentFeast', 30, 0, NULL),
(1, 1, 'Shampoo para Peces', 'DogLife', 41, 1, '2025-04-22'),
(2, 6, 'Vitamina para Peces', 'BirdFeast', 16, 0, NULL),
(6, 20, 'Spray para Aves', 'BunnyClean', 67, 0, NULL),
(6, 10, 'Alimento Premium para Roedores', 'BunnyClean', 55, 0, NULL),
(2, 2, 'Vitamina para Gatos', 'DogLife', 63, 0, NULL),
(4, 11, 'Vitamina para Peces', 'FishFeast', 68, 1, '2025-08-01'),
(4, 19, 'Rascador para Conejos', 'BirdFeast', 39, 0, NULL),
(5, 17, 'Vitamina para Gatos', 'BunnyClean', 83, 1, '2026-07-06'),
(1, 19, 'Jaula para Roedores', 'DogLife', 11, 0, NULL),
(3, 15, 'Comida para Gatos', 'FishFeast', 57, 0, NULL),
(6, 4, 'Juguete para Conejos', 'CatCrunch', 46, 1, '2026-04-27'),
(1, 2, 'Rascador para Roedores', 'CatCrunch', 63, 0, NULL),
(6, 3, 'Rascador para Roedores', 'CatCrunch', 90, 0, NULL),
(6, 12, 'Spray para Roedores', 'CatCrunch', 15, 0, NULL),
(3, 18, 'Suplemento para Roedores', 'BunnyClean', 70, 1, '2026-09-10'),
(6, 19, 'Spray para Perros', 'BunnyClean', 62, 1, '2025-10-14'),
(4, 19, 'Spray para Perros', 'FishFeast', 87, 1, '2025-09-16'),
(2, 3, 'Comida para Conejos', 'BirdFeast', 93, 1, '2024-12-31'),
(3, 20, 'Shampoo para Aves', 'BunnyClean', 85, 0, NULL),
(6, 23, 'Suplemento para Gatos', 'FishFeast', 39, 0, NULL),
(1, 20, 'Antiparasitario para Roedores', 'CatCrunch', 55, 0, NULL),
(2, 16, 'Rascador para Perros', 'CatCrunch', 97, 1, '2026-08-31'),
(3, 3, 'Jaula para Gatos', 'DogLife', 40, 1, '2026-08-01'),
(1, 11, 'Alimento Premium para Aves', 'CatCrunch', 15, 0, NULL),
(5, 12, 'Juguete para Perros', 'DogLife', 70, 1, '2025-07-30'),
(3, 2, 'Antiparasitario para Perros', 'DogLife', 23, 1, '2025-03-27'),
(4, 4, 'Spray para Gatos', 'BirdFeast', 15, 1, '2025-11-16'),
(6, 17, 'Collar para Peces', 'BunnyClean', 15, 0, NULL),
(2, 1, 'Jaula para Gatos', 'BirdFeast', 90, 0, NULL),
(5, 7, 'Spray para Peces', 'BunnyClean', 26, 1, '2025-10-23'),
(1, 20, 'Suplemento para Perros', 'FishFeast', 36, 0, NULL),
(1, 22, 'Comida para Aves', 'FishFeast', 61, 0, NULL),
(2, 23, 'Jaula para Perros', 'DogLife', 58, 1, '2025-03-27'),
(1, 22, 'Juguete para Conejos', 'CatCrunch', 38, 0, NULL),
(1, 12, 'Decoración para Peces', 'BirdFeast', 14, 0, NULL),
(3, 14, 'Juguete para Peces', 'FishFeast', 24, 0, NULL),
(6, 10, 'Comida para Gatos', 'FishFeast', 47, 0, NULL),
(1, 18, 'Decoración para Peces', 'CatCrunch', 81, 0, NULL),
(4, 1, 'Suplemento para Peces', 'BunnyClean', 20, 1, '2025-11-09'),
(6, 19, 'Collar para Aves', 'BirdFeast', 67, 0, NULL),
(2, 10, 'Alimento Premium para Peces', 'RodentFeast', 58, 0, NULL),
(2, 13, 'Spray para Gatos', 'CatCrunch', 30, 0, NULL),
(5, 21, 'Jaula para Perros', 'DogLife', 30, 1, '2026-07-01'),
(2, 9, 'Suplemento para Aves', 'BirdFeast', 47, 1, '2025-07-19'),
(5, 16, 'Comida para Conejos', 'BirdFeast', 32, 1, '2026-03-10'),
(2, 16, 'Decoración para Perros', 'CatCrunch', 59, 0, NULL),
(4, 23, 'Spray para Conejos', 'CatCrunch', 50, 0, NULL),
(1, 21, 'Suplemento para Peces', 'CatCrunch', 27, 1, '2026-01-11'),
(3, 10, 'Suplemento para Conejos', 'DogLife', 43, 1, '2026-05-01'),
(1, 20, 'Collar para Gatos', 'CatCrunch', 98, 1, '2026-08-10'),
(1, 2, 'Jaula para Peces', 'FishFeast', 65, 1, '2026-05-18'),
(6, 12, 'Suplemento para Peces', 'DogLife', 84, 0, NULL),
(1, 21, 'Spray para Gatos', 'CatCrunch', 31, 0, NULL),
(5, 23, 'Juguete para Conejos', 'DogLife', 90, 1, '2025-03-21'),
(3, 23, 'Collar para Perros', 'DogLife', 80, 0, NULL),
(6, 1, 'Vitamina para Roedores', 'BirdFeast', 16, 1, '2026-05-01'),
(6, 4, 'Alimento Premium para Aves', 'DogLife', 89, 1, '2026-01-26'),
(5, 10, 'Collar para Perros', 'BirdFeast', 94, 1, '2026-11-04'),
(3, 20, 'Jaula para Conejos', 'CatCrunch', 74, 1, '2025-02-16'),
(6, 24, 'Antiparasitario para Conejos', 'DogLife', 78, 1, '2025-10-30'),
(2, 3, 'Rascador para Peces', 'FishFeast', 91, 0, NULL),
(3, 14, 'Shampoo para Perros', 'BunnyClean', 59, 1, '2026-04-09'),
(3, 22, 'Suplemento para Peces', 'CatCrunch', 13, 0, NULL),
(4, 8, 'Jaula para Roedores', 'FishFeast', 76, 1, '2025-11-14'),
(4, 24, 'Alimento Premium para Roedores', 'CatCrunch', 59, 0, NULL),
(5, 13, 'Juguete para Conejos', 'FishFeast', 37, 0, NULL),
(1, 18, 'Juguete para Perros', 'CatCrunch', 88, 0, NULL),
(6, 9, 'Alimento Premium para Conejos', 'BirdFeast', 95, 0, NULL),
(6, 19, 'Decoración para Roedores', 'RodentFeast', 88, 0, NULL),
(1, 5, 'Shampoo para Conejos', 'DogLife', 95, 0, NULL),
(5, 14, 'Suplemento para Conejos', 'RodentFeast', 88, 0, NULL),
(3, 20, 'Suplemento para Perros', 'CatCrunch', 22, 1, '2025-11-23'),
(6, 5, 'Shampoo para Roedores', 'BunnyClean', 75, 1, '2025-11-17'),
(4, 11, 'Collar para Peces', 'CatCrunch', 16, 1, '2025-03-25'),
(2, 16, 'Rascador para Roedores', 'FishFeast', 85, 1, '2025-07-01'),
(3, 15, 'Jaula para Roedores', 'BirdFeast', 15, 0, NULL),
(3, 3, 'Collar para Aves', 'RodentFeast', 58, 1, '2025-12-16'),
(5, 10, 'Antiparasitario para Perros', 'BunnyClean', 24, 1, '2026-07-17'),
(5, 15, 'Juguete para Roedores', 'RodentFeast', 88, 0, NULL),
(6, 12, 'Spray para Conejos', 'CatCrunch', 12, 1, '2025-02-14'),
(6, 4, 'Comida para Roedores', 'DogLife', 86, 1, '2025-08-04'),
(4, 22, 'Spray para Perros', 'BirdFeast', 89, 1, '2025-12-30'),
(2, 12, 'Shampoo para Conejos', 'RodentFeast', 10, 0, NULL),
(5, 13, 'Collar para Conejos', 'FishFeast', 77, 1, '2025-06-12'),
(5, 14, 'Rascador para Peces', 'FishFeast', 61, 1, '2025-04-09'),
(5, 20, 'Juguete para Peces', 'FishFeast', 16, 0, NULL),
(3, 6, 'Alimento Premium para Conejos', 'CatCrunch', 39, 0, NULL),
(1, 21, 'Collar para Aves', 'CatCrunch', 18, 1, '2026-03-18'),
(6, 8, 'Vitamina para Aves', 'RodentFeast', 73, 0, NULL),
(3, 19, 'Rascador para Roedores', 'CatCrunch', 96, 1, '2025-09-04'),
(6, 13, 'Rascador para Roedores', 'RodentFeast', 54, 1, '2026-06-05'),
(2, 19, 'Shampoo para Aves', 'RodentFeast', 75, 1, '2025-03-06'),
(4, 11, 'Suplemento para Aves', 'FishFeast', 55, 1, '2026-05-15'),
(1, 6, 'Jaula para Perros', 'DogLife', 70, 1, '2026-04-03'),
(6, 7, 'Spray para Conejos', 'BunnyClean', 20, 1, '2026-10-07'),
(1, 22, 'Suplemento para Gatos', 'DogLife', 13, 1, '2025-01-05'),
(5, 23, 'Spray para Peces', 'BunnyClean', 35, 0, NULL),
(2, 13, 'Collar para Aves', 'RodentFeast', 70, 1, '2026-01-30'),
(4, 4, 'Antiparasitario para Roedores', 'DogLife', 61, 1, '2026-07-30'),
(2, 18, 'Jaula para Perros', 'CatCrunch', 75, 0, NULL),
(3, 17, 'Rascador para Gatos', 'RodentFeast', 81, 1, '2026-09-25'),
(1, 2, 'Collar para Peces', 'BirdFeast', 92, 0, NULL),
(2, 15, 'Alimento Premium para Roedores', 'DogLife', 56, 0, NULL),
(6, 21, 'Vitamina para Roedores', 'BirdFeast', 54, 1, '2026-05-13'),
(5, 24, 'Decoración para Roedores', 'DogLife', 45, 0, NULL),
(3, 18, 'Jaula para Peces', 'BunnyClean', 39, 0, NULL),
(5, 10, 'Jaula para Roedores', 'BunnyClean', 44, 0, NULL),
(2, 8, 'Shampoo para Roedores', 'BirdFeast', 75, 0, NULL),
(4, 14, 'Vitamina para Conejos', 'RodentFeast', 10, 1, '2025-10-09'),
(3, 6, 'Antiparasitario para Aves', 'CatCrunch', 36, 0, NULL),
(1, 24, 'Jaula para Aves', 'CatCrunch', 86, 1, '2026-07-25'),
(5, 4, 'Rascador para Roedores', 'CatCrunch', 55, 0, NULL),
(6, 24, 'Collar para Peces', 'RodentFeast', 61, 0, NULL),
(5, 24, 'Rascador para Roedores', 'BirdFeast', 97, 0, NULL),
(4, 21, 'Antiparasitario para Roedores', 'BunnyClean', 65, 1, '2025-02-08'),
(2, 3, 'Spray para Conejos', 'BirdFeast', 60, 1, '2025-11-23'),
(1, 17, 'Shampoo para Roedores', 'BirdFeast', 98, 0, NULL),
(1, 23, 'Juguete para Aves', 'BirdFeast', 28, 0, NULL),
(3, 8, 'Comida para Peces', 'CatCrunch', 86, 1, '2026-03-14');